"id","referral_type_id","company_entity","company_fictitions","street","city","state","zipcode","main_contact","email","created_at","updated_at"
"7","1","Joe Taylor Restoration","JTR","855 NW 17th Avenue Suite C","Delray Beach","FL","33445","CLEGG DURKIN - 954 658-2114","claims@jtrestoration.com","14/12/2018 17:20:47","26/3/2021 15:53:42"
"8","1","All Claims","All Claims","426 SW 12th Ave.","Deerfield Beach","FL","33442","Patricia Kay","pkay@allclaimsrepairs.com","14/12/2018 18:36:43","29/3/2021 13:32:51"
"9","1","Pinnacle Management Systems Inc (Rytech - South Florida)","Rytech - S FL","10224 NW 50th St.","Sunrise","FL","33351","(754) 701-4064","gsikora@rytechinc.com","14/12/2018 18:52:56","4/12/2020 11:04:42"
"10","2","Federated National Insurance Company","Fed Nat","14050 NW 14th St Ste 180","Sunrise","FL","33323",,"claims@fednat.com","17/12/2018 13:51:00","19/8/2021 16:07:18"
"11","2","UPC Insurance","UPC",,,,,,"claims@upcinsurance.com","17/12/2018 15:16:12","14/4/2021 10:52:15"
"12","2","Frontline","Frontline",,,,,,"dailyreports@flhi.com","17/12/2018 15:18:31","5/8/2021 15:24:50"
"13","2","USAA","USAA",,,,,,"claim specific","17/12/2018 15:20:19","4/12/2020 11:31:40"
"14","2","Gulfstream Property and Casualty","Gulf P&C",,,,,,"dispatch@seibels.com","17/12/2018 15:29:42","20/7/2021 13:58:40"
"15","2","Edison Insurance","Edison",,,,,,"emsbillreview@floridapeninsula or Csclaims@floridapeninsula.com","17/12/2018 15:31:42","4/12/2020 10:46:36"
"16","2","American Strategic Insurance (ASI)","ASI",,,,,,"claims@asicorp.org","17/12/2018 15:35:25","11/5/2021 13:28:17"
"17","2","State Farm Insurance","State Farm Insurance",,,,,"(855) 463-3066","statefarmfireclaims@statefarm.com","17/12/2018 15:36:58","4/12/2020 11:27:18"
"18","2","North Carolina insurance Underwriters","NCIU",,,,,,"claims.admin@ncjua.com","17/12/2018 15:37:48","4/12/2020 11:01:25"
"19","2","Allstate Insurance","Allstate",,,,,"(800) 255-7828","claims@claims.allstate.com","17/12/2018 15:39:35","28/4/2021 10:31:33"
"23","2","Security First","Sec 1st","PO Box 105649","Atlanta","GA","30348",,"catclaims@securityfirstflorida.com","17/12/2018 15:43:31","9/7/2021 18:04:32"
"24","9","Alacrity","Alacrity",,,,,,,"18/12/2018 09:49:18","27/5/2021 14:04:19"
"25","2","American Integrity","Amer. Int.",,,,,,"claimsmail@aiiclf.com","18/12/2018 09:50:04","4/12/2020 10:35:20"
"26","2","American Traditions Insurance Company","Amer. Trad.",,,,,,,"18/12/2018 09:51:04","24/6/2021 15:02:16"
"27","2","Amica","Amica",,,,,,,"18/12/2018 09:59:32","4/12/2020 10:36:03"
"28","2","Anchor Property and Casualty","Anchor",,,,,,"flclaims@relyonanchor.com","18/12/2018 10:00:13","4/12/2020 10:36:54"
"29","2","Assurant","Assurant",,,,,,"myclaimsinfo@assurant.com","18/12/2018 10:00:59","4/12/2020 10:37:03"
"30","2","Carbrillo Coastal","Harbor Claims",,,,,,"claims@harborclaims.com","18/12/2018 10:06:06","4/12/2020 10:41:58"
"31","2","Capitol Preferred Insurance","Capitol",,,,,,"iareports@capitol-preferred.com","18/12/2018 10:10:46","4/12/2020 10:42:07"
"32","2","Centauri","Centauri","PO Box 100117","Columbia","SC","29202",,"customerservice@centauri-ins.com","18/12/2018 10:12:59","16/8/2021 11:45:21"
"33","2","Chubb","Chubb",,,,,,"ecsc.property.claims@chubb.com","18/12/2018 10:16:46","11/8/2021 15:17:56"
"34","2","Citizens","Citizens",,,,,,"claimscommunications@citizensfla.com","18/12/2018 10:22:21","4/12/2020 10:41:23"
"35","2","Crawford and Company","Crawford","2301 Lucien Way, Suite 185","Maitland","FL","32751","Tom Rycroft","southflorida@us.crawco.com","18/12/2018 10:33:34","4/12/2020 10:44:55"
"36","2","Cypress Property and Casualty","Cy. P&C",,,,,,"cypclaims@cpyressIG.com","18/12/2018 10:34:53","4/12/2020 10:45:18"
"37","2","Fidelity","Fidelity",,,,,"(800) 220-1351","fnic-claims@pandcins.com","18/12/2018 10:40:26","4/12/2020 10:51:07"
"38","2","Florida Family","FL Fam",,,,,,"claimsdepartment@flfamily.com","18/12/2018 10:59:12","4/12/2020 10:53:03"
"41","2","Heritage","Heritage",,,,,"test","claims@heritagepci.com","18/12/2018 11:03:11","5/8/2021 15:24:05"
"42","2","Homeowner's Choice","H/O Choice",,,,,,"claims@hcpci.com","18/12/2018 11:03:55","4/12/2020 10:56:37"
"43","2","Horace Mann","Horace",,,,,,,"18/12/2018 11:04:17","4/12/2020 10:56:53"
"44","2","Ironshore","Iron",,,,,,"usclaims@ironshore.com","18/12/2018 11:04:40","4/12/2020 10:57:00"
"45","2","Liberty Mutual","Liberty",,,,,,"firstname.lastname@libertymutual.com","18/12/2018 11:05:08","4/12/2020 10:58:37"
"46","2","Lloyds of London","Lloyds",,,,,"(877) 275-9575","clmrpt@allrisks.com","18/12/2018 11:05:53","4/12/2020 11:00:02"
"47","2","London Underwriters","London U",,,,,,,"18/12/2018 11:07:41","4/12/2020 11:00:09"
"48","2","Nationwide","Nation",,,,,,,"18/12/2018 11:08:01","4/12/2020 11:01:01"
"51","2","Prepared Insurance","Prepared",,,,,,,"18/12/2018 11:09:57","9/6/2021 14:21:40"
"52","2","Cunningham Lindsey","Cunn. Lindsey",,,,,,,"18/12/2018 11:10:20","4/12/2020 10:45:09"
"53","2","PURE Insurance","PURE",,,,,,,"18/12/2018 11:10:40","11/8/2021 12:08:24"
"54","2","SafePoint","Safe Pt",,,,,"(855) 252-4615","claims@safepointins.com","18/12/2018 11:11:12","4/12/2020 11:17:58"
"55","2","Scottsdale","Scotts",,,,,,"clmsrpts@scottsdaleins.com","18/12/2018 11:11:42","4/12/2020 11:18:05"
"56","2","Seacoast  Brokers","Seacoast",,,,,,,"18/12/2018 11:12:04","4/12/2020 11:18:13"
"57","2","Southern Fidelity Insurance","S. Fid.",,,,,,"iareports@southernfidelityins.com","18/12/2018 11:13:24","9/6/2021 14:18:13"
"59","6","Grindley Williams","Grindley","4175 South Pipkin Road, Suite 210","Lakeland","FL","33811","(863) 874-3471","ataylor@grindleywilliams.com","18/12/2018 11:22:32","4/12/2020 10:53:56"
"62","2","Tower Hill","Tower Hill",,,,,,"claims@thig.com","18/12/2018 16:29:39","5/1/2021 12:32:55"
"63","2","York Claims","York",,,,,,,"18/12/2018 16:30:18","4/12/2020 11:32:19"
"64","2","Travlers of Florida","Travlers",,,,,,,"18/12/2018 16:30:38","4/12/2020 11:29:15"
"65","2","The Hartford","Hartford",,,,,,,"18/12/2018 16:30:59","4/12/2020 11:28:17"
"66","6","Direct Bill","Direct Bill",,,,,,,"18/12/2018 21:33:10","4/12/2020 11:02:35"
"68","6","Nichols& Associates","Nichols","1229 Jenks Ave.","Panama City","FL","32401","(850) 819-1464","mike.nichols@bayinspc.com","19/12/2018 10:38:55","4/12/2020 11:01:17"
"69","1","Discreet Restoration","Discreet","10161 NW 53rd Street","Sunrise","FL","33351","Josh 954-629-8256","josh@discreetrestoration.com","19/12/2018 10:52:57","4/12/2020 10:46:18"
"70","1","Quick Dry","Quick","10100 W Sample Road, Suite 308","Coral Springs","FL","33065","Johnathan",,"19/12/2018 11:11:19","4/12/2020 11:12:55"
"71","1","Servpro of Fort Lauderdale South","Servpro of South Fort Lauderdale South","401 E Las Olas Blvd Ste 1400, Ft Lauderdale, FL 33301","Fort Laudardale","Fl","33301","(954) 776-2000","krobinson@servpro10282.com","2/1/2019 10:05:26","14/12/2020 12:59:39"
"72","9","Sedgwick","Sedgwick","3728 Philips Hwy. Suite 360","Jacksonville","FL","32207","(904) 654-2606","James.Ecarius@sedgwickrepair.com","4/1/2019 17:23:28","11/5/2021 13:37:29"
"73","6","Kubicki Draper Law Offices","Kubicki Draper Law Offices","25 West Flagler Street, Penthouse","Miami","FL","33130",,,"7/1/2019 10:48:06","4/12/2020 10:58:03"
"74","1","National Restoration Experts","National Restoration","1301 W Copans Road, Ste D-5","Pompano Beach","FL","33064","Greg - Estimator","greg@nr-experts.com","22/1/2019 13:54:14","14/12/2020 09:08:53"
"76","2","AIG","AIG","PO Box 26210","Shawnee Mission","KS","66225",,"pcg-claimsfnol@aig.com","5/2/2019 09:45:12","4/12/2020 10:32:39"
"77","2","Olympus","Olympus",,,,,"Beth Wieland","bwieland@oigfl.com","7/2/2019 12:13:57","27/5/2021 14:12:23"
"78","2","Florida Peninsula","FL Pen","903 NW 65th Street, Suite 200","Boca Raton","FL","33487","Todd Alderman","todd.alderman@floridapeninsula.com","7/2/2019 12:16:36","5/8/2021 15:31:17"
"79","1","Ross Brothers Contractors","Ross Brothers","1855 Griffin Road, Suite #A455","Dania Beach","FL","33004","(561) 562-4643","info@rossbrothers.com",,"4/12/2020 11:17:36"
"80","1","911 Restoration Inc.","911 Restoration Inc.","10730 NW 53rd Street","Sunrise","FL","33351","Valarie Preston Mercado","valarie@911restoration.com",,"17/8/2021 18:50:39"
"81","2","Tapco Insurance","Tapco",,,,,,"clims@gotapco.com","18/2/2019 16:18:22","4/12/2020 11:28:01"
"82","1","SERVPRO of South Palm Beach","SERVPRO of South Palm Beach","2880 NW 2nd Ave, Ste 3","Boca Raton","FL",,,,,"4/12/2020 11:22:56"
"83","1","Servpro of Pompano","Servpro of Pompano",,,,,,,"15/3/2019 10:38:16","4/12/2020 11:22:40"
"84","2","Homesite","Homesite",,,,,,,"15/3/2019 11:00:17","4/12/2020 10:56:45"
"85","2","Universal North America","Universal North America",,,,,,,"15/3/2019 11:06:07","4/12/2020 11:31:08"
"86","2","Lexington","Lexington",,,,,,,"15/3/2019 11:12:15","4/12/2020 10:58:29"
"88","2","Ameriprise","Ameriprise",,,,,,,"15/3/2019 11:22:36","4/12/2020 10:35:53"
"89","9","Nexxus Solutions Group","Nexxus",,,,,,,"15/3/2019 12:25:20","9/4/2021 10:41:18"
"91","2","American Family","American Family",,,,,,,"15/3/2019 12:39:01","4/12/2020 10:34:06"
"93","2","Encompass","Encompass",,,,,,,"15/3/2019 12:40:32","4/12/2020 10:50:20"
"95","2","Esurance","Esurance",,,,,,,"15/3/2019 12:40:58","4/12/2020 10:50:44"
"96","2","GuideOne","GuideOne",,,,,,,"15/3/2019 12:41:41","4/12/2020 10:54:04"
"97","2","Hanover","Hanover",,,,,,,"15/3/2019 12:42:23","4/12/2020 10:54:29"
"98","2","Hastings Mutual","Hastings Mutual",,,,,,,"15/3/2019 12:42:53","4/12/2020 10:54:37"
"99","2","MAPFRE","MAPFRE",,,,,,,"15/3/2019 12:43:21","4/12/2020 11:00:24"
"100","2","QBE","QBE",,,,,,,"15/3/2019 12:43:47","4/12/2020 11:12:21"
"101","2","Velocity","Velocity",,,,,,,"15/3/2019 12:44:40","9/6/2021 14:17:07"
"102","2","Weston","Weston",,,,,,,"15/3/2019 12:45:08","4/12/2020 11:32:10"
"103","2","AYG Global Claims","AYG Global Claims",,,,,,,"15/3/2019 12:46:17","4/12/2020 10:37:42"
"104","9","Contractor Connection","Contractor Connection",,,,,,,"15/3/2019 12:50:09","8/4/2021 12:31:10"
"105","1","Flash Restore","Flash",,,,,,,"20/3/2019 12:17:42","4/12/2020 10:51:42"
"106","1","Water Damage Express","Water Damage Express","3001 waterview circle","Palm Springs","FL","33461","Joel","terrazasconstruction@gmail.com",,"4/12/2020 11:32:01"
"108","6","Rimkus","Rimkus",,,,,,,"22/3/2019 12:15:38","4/12/2020 11:15:33"
"110","1","United Restoration","United Restoration",,,,,,,"2/4/2019 18:53:35","4/12/2020 11:30:54"
"112","1","URI - Unlimited Restoration","URI - Unlimited Restoration",,,,,,,"2/4/2019 18:55:57","4/12/2020 11:31:32"
"114","1","Damex","Damex",,,,,,,"2/4/2019 18:56:51","4/12/2020 10:45:27"
"115","1","Servpro of North FT. Laud","Servpro of North FT. Laud",,,,,,,"2/4/2019 18:57:24","4/12/2020 11:22:09"
"118","1","Servpro of Boynton/Lake Worth","Servpro of Boynton/Lake Worth","101 Commerce Rd","Boynton Beach","FL","33426","(561) 723-1277","Miles@servpro10207.com","2/4/2019 18:58:41","4/12/2020 11:19:26"
"119","1","ServXpress Restoration","ServXpress Restoration",,,,,,,"2/4/2019 18:58:57","4/12/2020 11:23:34"
"120","1","Super Restoration","Super Restoration",,,,,,,"2/4/2019 18:59:12","4/12/2020 11:27:43"
"122","1","Servpro Plantation","Servpro Plantation",,,,,,,"2/4/2019 18:59:40","4/12/2020 11:23:27"
"123","1","Trademark Restoration","Trademark Restoration","4403 SE 16th Place, Unit 2","Cape Coral","FL","33904","Gary Houston","gary@trademarkrestorationinc.com","2/4/2019 18:59:52","4/12/2020 11:28:43"
"124","1","PuroClean South Miami","PuroClean South Miami",,,,,,,"3/4/2019 15:01:18","4/12/2020 11:12:02"
"125","2","Geico Insurance","Geico Insurance",,,,,,,"9/4/2019 17:31:48","4/12/2020 10:53:32"
"126","1","Fireservice Disaster Kleenup - Fort Myers","Fireservice Disaster Kleenup","3120 WINKLER AVENUE EXT., SUITE 30","FORT MYERS","FL","33916","Dwayne Taylor and Chris Rroessner","crroessner@fireserviceusa.com; dtaylor@fireserviceusa.com",,"29/3/2021 13:27:57"
"127","1","Servpro of Pembroke Pines","Servpro P. Pines",,,,,,,,"4/12/2020 11:22:33"
"128","1","PuroClean of Coral Gables","PuroClean of Coral Gables","3402 Toledo Street","Coral Gables","FL","33134","Thomas Avila - President","tavila@puroclean.com",,"4/12/2020 11:05:43"
"129","1","Shamrock","Shamrock Restoration","25 N.E. 11th Way","Deerfield Beach","FL","33441","Sean Toffey",,,"4/12/2020 11:23:41"
"130","1","Riteway","Riteway","2144 Johnson Street","Hollywood","FL","33020","Gus","marilyn@ritwayfla.com","11/5/2019 16:18:13","4/12/2020 11:17:27"
"131","1","SERVPRO of Cutler Bay","SERVPRO of Cutler Bay","12441 SW 130th St","Miami","FL","33186","(305) 278-1470","miles@servpro10207.com",,"4/12/2020 11:19:49"
"132","1","PuroClean of Miramar","PuroClean of Miramar","6157 NW 167th Street Suite F-27","Miami Lakes","FL","33015","Diego Melians II – President","dmelians@puroclean.com",,"4/12/2020 11:06:01"
"133","1","PuroClean of Miramar","PuroClean of Miramar","6157 NW 167th Street Suite F-27","Miami Lakes","FL","33015","Diego Melians II – President","dmelians@puroclean.com",,"4/12/2020 11:11:35"
"134","2","Avatar Insurance Company","Avatar",,,,,,,"21/5/2019 20:09:08","4/12/2020 10:37:32"
"135","2","Universal Property & Casualty Insurance Company","Universal Property & Casualty Insurance Company","1110 West Commercial Boulevard","Fort Lauderdale","FL","33309","Bender, Noah","nb0726@universalproperty.com",,"30/3/2021 15:00:30"
"136","1","Rapid Response - Pompano Beach","Rapid Response - Pompano Beach","2250 N Andrews Ave. Ext","Pompano Beach","FL","33069",,"rrtaccountspayable@rrtfl.com","7/6/2019 13:59:14","23/12/2020 11:43:25"
"137","1","PuroClean of Longwood","PuroClean of Longwood","254 S. Ronald Reagan Blvd., #128","Longwood","FL","32750","Diego Barros - Owner","dbarros@puroclean.com",,"4/12/2020 11:05:53"
"138","1","Gulfstream Roofing, Inc.","Gulfstream Roofing, Inc.","140 NW 18th Ave","Delray Beach","FL",,,"gulfstreamrfg@bellsouth.net",,"4/12/2020 10:54:21"
"139","2","St. John's Insurance","St. John's","6675 Westwood Blvd., Suite 360","Orlando","FL","32821",,,,"11/8/2021 15:29:30"
"140","9","Direct Claims Management Group","DCMG","PO Box 1213","Brandon","FL","3509","(407) 890-526","james.lebrun@directclaimsmg.com","8/7/2019 14:10:26","27/5/2021 14:05:08"
"141","2","Peoples Trust Ins","Peoples Trust Ins","18 Peoples Trust Way","Deerfield Beach","FL","33441","Guilfoyle, Daniel","dan_guilfoyle@hotmail.com",,"4/12/2020 11:04:34"
"142","1","Elements Disaster Recovery","Elements Disaster Recovery","1540 Monument Road #5","Jacksonville","FL","32225","Shelby Roberts","Shelby@elementsdisasterrecovery.com",,"4/12/2020 10:48:10"
"144","2","Maison Ins","Maison Ins",,,,,,,"15/7/2019 09:17:10","20/5/2021 10:09:40"
"145","1","QFB Property Restoration","QFB Property Restoration","4500 36th Street","Orlando","FL","32811","Carlos Catalani","Carlos@qfbuilders.com",,"26/3/2021 15:52:31"
"146","1","Recromax","Recromax","105 Commerce Street, Suite 125","Lake Mary","FL","32746","Molnar, Rob","rmolnar@recromax.com",,"15/6/2021 15:05:10"
"147","1","ServiceMaster Remediation - Pompano Beach","ServiceMaster Remediation - Pompano Beach","933 NW 31st Ave","Pompano Beach","FL","33069","Brandon Williams - Project Manager","brandon@servicemaster247.com",,"4/12/2020 11:18:54"
"148","1","PuroClean of Sunrise","PuroClean of Sunrise","10171 NW 53rd Street","Sunrise","FL","33351","John Ortega – Director of Operations/Managing Partner - Samantha Jimenez - Office Manager","johnortega@puroclean.com ; s.jimenez@puroclean.com",,"4/12/2020 11:11:52"
"149","1","DKI Bay Area","DKI Bay Area","390 Scarlet Blvd","Oldsmar","FL","34677","(813) 416-8785","pharter@bayareadki.com",,"4/12/2020 10:46:28"
"150","1","Servpro of Apopka/Wekiva & West Orange","Servpro of Apopka/Wekiva & West Orange","PO Box 607005","Orlando","FL","32860","Steve Williams","swilliams@servprowestorange.com",,"4/12/2020 11:19:10"
"153","1","Hilex Construction","Hilex Construction","2967 N Powerline Road","Pompano Beach","FL","33069","Alex Garcia / Cory Brehm / Crystal Ippolito","AlexG@hilexco.com / Coryb@hilexco.com / crystali@hilexco.com",,"4/12/2020 10:56:20"
"154","1","United Water Restoration","United Water Restoration","2967 N. powerline Rd","Pompano Beach","FL","33069","David J. Kays - Operations Director","davidk@unitedwaterrestoration.com",,"4/12/2020 11:31:01"
"155","1","PuroClean of Aventura","PuroClean of Aventura","1950 NE 149th Street","North Miami","FL","33181","Ricardo Herdan – Managing Director","rherdan@puroclean.com",,"4/12/2020 11:05:34"
"156","1","PuraTech Restoration","PuraTech Restoration","2300 Glades Rd. Suite 202E","Boca Raton","FL","33431","Kelly Ward - Business Development","kelly@puratechrestoration.com",,"4/12/2020 11:05:17"
"157","1","Jarvis Property Restoration","Jarvis Property Restoration","9055 Americana Rd Ste 26","Vero Beach","FL","32966","Johns, Matthew","mjohns@jarvisconstruction.com",,"4/12/2020 10:57:21"
"158","1","Servpro of Central Brevard","Servpro of Central Brevard","2193 W. King Street, Suite C","Cocoa","FL","32926","Raymond Owens","Reowens@Servpro8356.com",,"4/12/2020 11:19:42"
"159","1","ServPro of North Miami","ServPro of North Miami","9480 ne 2nd Ave unit 56","Miami shores","FL","33138","(954) 921-8992","david@servpro10927.com",,"4/12/2020 11:22:18"
"160","1","ProCare Restoration Services","ProCare Restoration Services","4740 Talon Ct. SE  Suite 4","Grand Rapids","MI","49512","Ken Lamontagne - Vice President","ken@procareteam.com",,"4/12/2020 11:05:09"
"162","1","Kustom US","Kustom US","265 Hunt Park Cove","Longwood","FL","32750","Marks, Kimberly","kim.marks@kustom.us",,"4/12/2020 10:58:18"
"164","2","Southeast Catastrophe Consulting Company","Southeast Catastrophe Consulting Company","703 Fairhope Avenue","Fairhope","AL","36532","Evans, Robert","robert.evans@southeastccc.com",,"14/4/2021 10:54:39"
"165","1","Rescue Clean 911","Rescue Clean 911","11134 Alameda Bay Ct.","Wellington","FL",,,"info@rescueclean911.com",,"4/12/2020 11:15:07"
"166","1","ServPro of N. Fort Myers/Punta Gorda","ServPro of N. Fort Myers/Punta Gorda","315 E Olympia Ave UNIT 224","Punta Gorda","FL","33950","(239) 573-7911","srone@servpro10407.com",,"4/12/2020 11:20:15"
"167","1","ServiceMaster Restore service master by Alpha Restoration","ServiceMaster Restore","1421 sw 107th ave, Suite 223","miami","FL","33174",,"servicemasterbyalpha@gmail.com andl jsmith@servicemasteralpha.com",,"23/12/2020 10:56:21"
"168","6","Space invaders LL","Space invaders LL","34 NE 11 street","Miami","FL","33132","Ivy Bernardo","Ivy@clubspace.com","21/9/2019 18:07:11","4/12/2020 11:26:56"
"169","1","Rapid Response Team of Delray Beach","Rapid Response Team of Delray Beach","905 SW 14th Ave.","Delray Beach","FL","33444","David Griscom - Branch Manager","dgriscom@RRTFL.com",,"4/12/2020 11:14:39"
"170","1","Nova Construction","Nova Construction",,,,,,"tony@nova-construction.com","14/10/2019 10:44:07","4/12/2020 11:01:33"
"171","2","Auto Club - ACICF","Auto Club",,,,,,,"16/10/2019 10:33:01","4/12/2020 10:37:24"
"173","1","Rapid Response - Panama City","Rapid Response - Panama City","235 E Beach Drive","Panama City","FL","32401","(852) 704-8131",,,"4/12/2020 11:13:33"
"174","9","Preferred Repair Network","Preferred Repair","c/o Profile Gorilla 5230 Land O Lakes Blvd #416","Land O Lakes Blvd.","FL","34639","Paul Neilson",,,"28/5/2021 11:28:49"
"175","2","FIRST CHOICE","FIRST CHOICE INSURANCE","212 PINEGROVE DR","PINEVILLE","LA","71360",,,"1/11/2019 09:36:54","4/12/2020 10:51:32"
"176","1","BELFOR Property Restoration","BELFOR Property Restoration","5433 West Crenshaw Street","Tampa","FL","33634","Tara Siewdass","tara.siewdass@us.belfor.com",,"4/12/2020 10:43:07"
"177","1","Baxter Restoration of Jacksonville","Baxter Restoration of Jacksonville","8880 Corporate Square Ct Unit 3","Jacksonville","FL","32216","Robert Huffman - Branch Supervisor/Project Manager","rhuffman@baxterrestoration.com",,"4/12/2020 10:38:20"
"178","1","Servpro of Winter Park","Servpro of Winter Park","665 Jackson Ave","Winter Park","FL","32789","Daliann Lopez (Dee) - Office Manager","Daliann.Lopez@servprowinterpark.com",,"4/12/2020 11:23:18"
"179","1","SERVPRO of Sunrise","SERVPRO of Sunrise","4500 N Hiatus Rd #206","Sunrise","FL","33351",,"sp9489@servproofsunrise.com",,"4/12/2020 11:23:03"
"180","1","Rapid Response Team of Jacksonville - CAT","Rapid Response Team of Jacksonville - CAT","9774 Florida Mining Blvd. West, Suite 701-704","Jacksonville","FL","32257","Todd Smith - Branch Manager - Richard Steward CAT CREW Manager","tsmith@RRTFL.com",,"4/12/2020 11:14:47"
"181","1","Servpro of South Orlando","Servpro of South Orlando","4061 Forrestal Ave Suite 6","Orlando","FL","32806","Dan Hougaart / Marilyn Palacios","dhoug@outlook.com",,"4/12/2020 11:22:48"
"182","6","ESI engineering","ESI",,,,,,"MAUNDERWOOD@ENGSYS.COM","12/1/2020 14:57:02","4/12/2020 10:50:35"
"183","1","SERVPRO of Weston/West Davie","SERVPRO of Weston/West Davie","15951 SW 41st Street, Suite 300 FL","Davie","FL","33331","Russ Locandro - President","rlocandro@servpro10809.com",,"4/12/2020 11:23:11"
"184","1","MVP Environmental","MVP","4100 N Powerline Road, Suite B1","Pompano Beach","FL","33073",,,,"4/12/2020 11:00:32"
"185","1","Bioclean Property Restoration","Bioclean Property Restoration","2331 Northwest 30th Street","Oakland Park","FL","33311","(561) 221-1465","Clint@biocleanPR.com / Justin@biocleanPR.com",,"4/12/2020 10:42:35"
"186","2","TypTap Insurance Company","TypTap","3001SE Maricamp Road","Ocala","FL","34471","(844) 289-7968",,"13/2/2020 10:23:17","20/8/2021 16:22:26"
"188","2","Peninsula Insurance Bureau","Peninsula","6065 NW 167th Street, SUite B-1","MIami","FL","33015",,"mspoutz@pibadjusters.com","17/2/2020 13:15:54","4/12/2020 11:04:11"
"190","2","Ryze Claims","Ryze Claims","2945 Bay Meadow Court","Clearwater","FL","33761","Hidalgo, Ignacio","nas.hidalgo@ryzeclaims.com",,"4/12/2020 11:17:50"
"191","2","Southern Oak","Southern Oak","830 A1A North, Suite #13-326","Ponte Vedra Beach","FL","32082",,,"31/3/2020 13:35:36","16/8/2021 11:41:29"
"192","2","Stillwater Insurance Group","Stillwater","4905 Belfort Road, Suite 110","Jacksonville","FL","32256","Yvonne Wrisbon - Large Loss Specialist",,,"4/12/2020 11:27:35"
"193","9","TradePlus Network","TradePlus",,,,,"Shane Lange","slange@tradeplus.net","17/4/2020 10:36:32","27/5/2021 14:13:31"
"194","1","Beacon LLC","Beacon LLC","P.O. Box 2182","Winter Park","FL","32790",,"ryan@beaconrestoration.com and ryan.m.paul1@gmail.com","5/5/2020 14:17:03","29/3/2021 13:42:52"
"195","6","Geohazards Engineering and Geology","Geohazards","1204 13th Street","Gainsville","FL","32601",,"admin@geiohazardsinc.com","14/5/2020 13:28:05","4/12/2020 10:53:45"
"196","1","Home Angels","Home Angels","755 NW 17th Ave, #105","Delray Beach","FL",,"Nick","nick@homeangelsfl.com",,"29/3/2021 14:23:43"
"197","1","Paul Davis of Restoration and Remodeling Team","Paul Davis Restoration Palm Beach","2781 Vista Pkwy, Suite K12","West Palm Beach","Fl","33411","Sherry",,,"29/3/2021 16:35:56"
"198","1","ServPro of North Miami/Hollywood/Aventura","ServPro of North Miami/Hollywood/aventura","9480 ne 2nd Ave unit 56","Miami shores","FL","33138","(954) 921-8992","david@servpro10927.com",,"4/12/2020 11:22:26"
"199","1","Restoration Xperts","Restoration Xperts","1130 S Powerline Road","Deerfield","FL","33442",,"sthomas@restorationxperts.net","2/6/2020 12:24:25","4/12/2020 11:15:20"
"200","6","Skor  Home concierge","Skor Home Concierge",,,,,"(561) 479-8125",,"2/6/2020 14:40:26","4/12/2020 11:24:02"
"201","1","Baxter Restoration - Orlando","Baxter Restoration - Orlando","1106 W Central Blvd","Orlando","FL","32805","Rob Huffman","rhuffman@baxterrestoration.com",,"4/12/2020 10:38:09"
"202","1","ServiceMaster by Reed","ServiceMaster By Reed",,,,,"Nia Mahabir office manager","smreedoffice1@aol.com","8/6/2020 14:35:25","4/12/2020 11:18:46"
"203","1","BioBusters Remediation LLC","BioBusters",,,,,,,"15/6/2020 21:17:11","4/12/2020 10:42:45"
"204","2","STATEFARM INSURANCE","STATEFARM INSURANCE",,,,,,,"23/7/2020 09:25:01","4/12/2020 11:27:27"
"206","2","Lighthouse Property Insurance Corporation","Lighthouse Property Insurance","500 W 2nd Street, Suite 1900 #203","Austin","TX","78701",,,"4/8/2020 14:45:20","4/12/2020 10:58:47"
"207","2","Vault Insurance","Vault Insurance","300 First Ave. South, Suite 401","St. Petersburg","FL","33701","Wardell Johnson","wardell.johnson@vault.insurance","4/8/2020 17:31:13","12/5/2021 13:06:03"
"208","9","TEXAS FARM BUREAU","TEXAS FARM BUREAU",,,"TEXAS",,,,"5/8/2020 16:49:24","4/12/2020 11:28:10"
"209","6","Florida Contractors","Florida Contractors","14113 NW 8th Street","Sunrise","FL","33325",,"Tony@flcontractors.com","6/8/2020 14:44:16","4/12/2020 10:51:51"
"210","2","NATIONAL GENERAL INSURANCE","NATIONAL GENERAL INSURANCE",,,,,,,"17/8/2020 15:36:17","4/12/2020 11:00:39"
"211","2","Bankers Insurance","Bankers Insurance","11101 Roosevelt Blvd N,","St,. Petersburg","FL","33716",,"Jeannette.stacks@bankersinsurance.com","27/8/2020 11:53:18","24/6/2021 15:02:42"
"212","2","Shelter Insurance","Shelter Insurance",,,,,,,"28/8/2020 11:32:25","4/12/2020 11:23:49"
"213","2","Seibels","Seibels",,,,,,,"7/9/2020 08:53:52","4/12/2020 11:18:38"
"214","1","Servpro of Brandon/North Riverview","Servpro of Brandon/North Riverview","6528 US-301 Building 109","Riverview","FL","33578","Brian Jones or Joshua",,"23/9/2020 12:52:53","4/12/2020 11:19:34"
"215","1","Rapid Response Team - Pensacola","Rapid Response Team - Pensacola","7091 Davis Creek Road","Jacksonville","FL","32257",,,"25/9/2020 09:29:08","6/7/2021 11:38:53"
"216","6","Jupiter Management","Jupiter Mgmt","1340 US Highway One, Suite 102","33469","FL",,,,"23/10/2020 12:27:30","4/12/2020 10:57:41"
"217","2","Swyfft","Swyfft",,,,,,,,"4/12/2020 11:27:53"
"219","9","Burton Claim Service","Burton Claim Service","3333 W Commerical Blvd., Suite 210","Fort Lauderdale","FL","33309",,,"29/10/2020 13:57:37","4/12/2020 10:42:25"
"220","1","Express Emergency Services","Express Emergency Services","6328 Squirewood Way","Lake Worth","FL","33467","(561) 445-5912",,"11/11/2020 16:56:59","4/12/2020 10:50:51"
"221","1","Paul Davis Restoration of Tampa","Paul Davis Restoration of Tampa","1611 Allison Woods Lane","Tampa","FL","33619","Tony Collins","tony@@pdrtampa.com","17/11/2020 09:51:25","4/12/2020 11:04:04"
"222","1","Paul Davis - Port St. Lucie","Paul Davis - Port St. Lucie","1950 SW Biltmore Street","Port St. Lucie","FL","34984",,"Jamie.zavala@pauldavis.com","17/11/2020 09:58:45","4/12/2020 11:01:53"
"223","1","Servpro of Central Brevard","Servpro of Central Brevard","2193 W King Street, Suite C","Cocoa","FL","32926",,,"23/12/2020 13:28:09","23/12/2020 13:28:09"
"224","4","Provencher & Company","Provencher & Company","1000 CM Fagan Drive Suite F","Hammond","LA","70403",,"PTardi@provencherclaims.com","24/3/2021 15:45:00","24/3/2021 15:45:00"
"225","7","Florida Professional Law Group","Florida Professional Law Group","4600 Sheridan Street, Suite 303","Hollywood","FL","33021",,,"31/3/2021 10:45:13","31/3/2021 10:45:13"
"226","1","Rytech - Treasure Coast","Rytech - Treasure Coast","418 NW Lake Whitney Place","Port St. Luice","FL","34986","David Maclnnes","teamtreasure@rytechinc.com","1/4/2021 13:22:09","1/4/2021 13:22:09"
"227","3","Mortenson Roofing Company","Mortenson Roofing","9505 Corsair Rd","Franfort","IL","60423",,"tileroofs@gmail.com","15/4/2021 13:55:12","15/4/2021 13:55:12"
"228","5","Miami Management","Miami Management","1145 Sawgrass Corp. Parkway","Sunrise","FL","33323",,,"20/4/2021 08:27:25","20/4/2021 08:27:25"
"229","11","Peak Public Adjusters","Peak Public Adjusters","13032 SW 133 Court","Miami","FL","33186",,"office@peakadjusters.com","21/4/2021 16:56:39","21/4/2021 16:56:39"
"230","2","ACM INSURANCE","ACM INSURANCE",,,,,,,"25/5/2021 09:27:29","25/5/2021 09:27:29"
"231","1","MGM Recovery","MGM Recovery","4040 Kidron Road, Suite 9","Lakeland","FL","33811",,"khennessey@mgmrecovery.com","4/6/2021 14:38:22","4/6/2021 14:38:22"
"232","1","Rapid Response Team - Orlando","Rapid Response Orlando","250 Altamonte Commerce Blvd","Altamonte Springs","FL","32714","Robert","RObrien@rrtfl.com","15/6/2021 12:53:54","15/6/2021 12:53:54"
"233","1","IDT Restoration","ITD Restoration","1625  SW 1st Way","Deerfield Beach","FL","33441",,"Danny@itdrestoration.com","15/6/2021 12:55:30","30/6/2021 13:07:10"
"234","1","J & R Restoration Services","J & R Restoration Services",,,,,"Joseph Marraccino","jandrrestoration@yahoo.com","16/6/2021 09:30:49","16/6/2021 09:30:49"
"235","2","Cincinnati insurance","Cincinnati insurance","400 Carillon Pkwy #110","St Petersburg","FL","33716","Kyle Fredrick","kyle_fredrick@cinfin.com","24/6/2021 16:04:51","24/6/2021 16:04:51"
"236","3","ICAS Storm Restoration","ICAS","830 N John Young Pkwy","Kissimmee","FL","34741",,"randallicasroofing.com","1/7/2021 11:56:11","2/7/2021 09:05:43"
"237","1","Rytech of Fort Myers and Naples","Rytech of Fort Myers and Naples","2149 Andrea Lane","Fort Myers","FL","33912",,,"2/7/2021 16:29:18","19/8/2021 14:22:28"
"241","1","ATI Disaster Recovery Services","ATI","8412 Sunstate","Tampa","FL","33634",,"chelsea.morris@atirestoration.com","6/7/2021 16:51:32","5/8/2021 15:30:18"
"242","1","Lightning Restoration","Lightning Restoration","13266 Byrd Drive","Odessa","FL","33556",,"Scott@LightningRestore.com","6/7/2021 16:54:51","6/7/2021 16:54:51"
"244","10","Gallagher Lutgert","Gallagher Lutgert","1395 Panther Lane, suite 100","Naples","FL","34109","Carrie Langer","Carrie_Langer@ajg.com","12/7/2021 18:30:43","13/7/2021 17:07:17"
"245","10","Bacarella Insurance Group","Bacarella Insurance Group","4966 Royal Gulf Circle","Fort Myers","FL","33966","Anthony or Jonathan Bacarella","anthony@bigswfl.com","12/7/2021 18:34:55","13/7/2021 17:06:07"
"246","10","Allstate Bryan Avery","Allstate Bryan Avery","4085 Hancock Bridge Parkway, suite 116","North Fort Myers","Fl","33903","Alecia or Bryan Avery","aleciashad@allstate.com","12/7/2021 18:39:02","13/7/2021 17:04:42"
"247","10","Brower Insurance","Brower Insurance","1510-5 Hancock Bridge pkwy","Cape Coral","FL","33990","Linda Cauble","linda.browerinsurance@outlook.com","12/7/2021 18:42:42","13/7/2021 17:06:51"
"248","10","Private Client","Private Client","9736 Commerce Center Court","Fort Myers","FL","33908","Dave Arter - Personal lines                           Kim Foster - Commercial lines","Darter@pcis-fl.com                        Kfoster@pcis-fl.com","12/7/2021 18:47:58","13/7/2021 17:07:27"
"249","10","ProActive Insurance Management","ProActive Insurance Management","5633 Strand Blvd, Suite 318","Naples","FL","34110","Mike Ryba","Mike.Ryba@proactiveins.com","12/7/2021 18:54:21","13/7/2021 17:07:32"
"250","10","Ardent Insurance & Risk Management","Ardent Insurance & Risk Management","Corporate Service Center   1004 Collier Center Way Ste 203","Naples","FL","34110","Ken Coloma","kcoloma@ardentinsurancegroup.com","12/7/2021 18:58:56","13/7/2021 17:05:44"
"251","10","Sanibel Holiday        Property Management","Sanibel Holiday        Property Management","1648 Periwinkle way ste A2","Sanibel Isalnd","Fl","33957","(800) 572-6423","taitum@sanibelholiday.com","12/7/2021 19:09:34","13/7/2021 17:07:37"
"252","10","A & E Insurance Group","A & E Insurance Group","870 111th Avenue North","Naples","FL","34108","Heather Andrea or Zoe","aeinsurancegroup@comcast.net","12/7/2021 19:15:04","13/7/2021 17:02:36"
"253","10","K & L Insurance Service Inc","K & L Insurance Service Inc","5251 Golden Gate Parkway, Ste C","Naples","FL","34116","Karen Garcia","karen@klinsinc.com","12/7/2021 19:19:59","13/7/2021 17:07:22"
"254","10","A.R,A.  Insurance Inc.","A.R,A.  Insurance Inc.","583 Tallwood Street, Suite 102","Marco Island","FL","34145","(866) 467-8129","tracys@aramarco.com","12/7/2021 19:26:47","13/7/2021 17:03:30"
"255","10","Island Management","Island Management","711 Tarpon Bay Road","Sanibel Isalnd","FL","33957","Melissa Lodwick","melissa@islandmgmt.com","14/7/2021 17:21:47","10/8/2021 14:13:57"
"256","1","Accutech Restoration and Remodeling","Accutech Restoration","1600 Barber Road","Sarasota","FL","34240","John Fries/Kristen Oriente","info@accutechfl.com","14/7/2021 17:26:38","19/8/2021 14:20:14"
"257","10","Allstate Mike Arcentales","Allstate Mike Arcentales","27241 Bay Landing Dr. #3","Bonita Springs","FL","34135","Mike Arcentales","agentmike@allstate.com","14/7/2021 17:32:18","9/8/2021 11:56:47"
"258","10","Alliance Insurance","Alliance Insurance","2511 Bee Line Rd","Sarasota","FL","34239","Sharon Cirillo","sharon@alliancesrq.com","14/7/2021 17:39:50","9/8/2021 11:51:12"
"259","10","Tropical Insurance","Tropical Insurance","24830 S, Tamiami Trail # 2800","Bonita Springs","FL","34134","Kathy Smithee","tropicalinsurance@hotmail.com","14/7/2021 17:42:48","10/8/2021 14:50:37"
"260","10","Great Florida Insurance","Great Florida Insurance","2762-A Tamiami Trail","Port Charlotte","FL",,"Laurie Cyr","gfiportcharlotte@comcast.net","14/7/2021 17:46:33","9/8/2021 15:53:16"
"261","10","Peeples Insurance Agency","Peeples Insurance Agency","8270 Bee Ridge Rd","Sarasota","FL","34241","Jennifer Peeples","jen@peeplesins.com","14/7/2021 17:58:30","10/8/2021 14:32:52"
"262","10","Allphase Insurance Services, Inc","AIS","3280 Tamiami Trail, unit #32","Port Charlotte","FL",,"Dawn cash or Angela Martin","dawn@allphaseinsurancefl.com","14/7/2021 18:06:37","9/8/2021 11:51:20"
"263","10","Allstate  Ken Miller","Allstate  Ken Miller","2605 Tamiami Trail #2","Port Charlotte","FL","33952","Ken Miller","kenmiller@allstate.com","14/7/2021 18:15:05","9/8/2021 11:51:27"
"264","10","Monteagle Insurance","Monteagle Insurance","4210 Del Prado Blvd S","Cape Coral","FL","33904","Jeni Corbitt or Theresa Carney","jcorbitt@monteagleinsurance.com","14/7/2021 18:20:14","10/8/2021 14:15:09"
"265","10","Avalon Insurance Group","Avalon Insurance Group","7370 College Parkway Ste 312","Fort Myers","FL","33907","Joe or Connie Galewski","connie@avaloninsurance.com","14/7/2021 18:30:18","9/8/2021 11:57:13"
"266","10","Great Florida Insurance  Michelle Accola","Great Florida Insurance  Michelle Accola","12401 Commerce Lakes Dr","Fort Myers","FL","33913","Michelle Accola","michelle.accola@greatflorida.com","15/7/2021 17:24:40","9/8/2021 15:53:21"
"267","1","FP Property Restoration","FP Property Restoration","204 Center Rd","Fort Myers","FL","33907","Steve Glozik or Vinny","steve@fprestoration.com","15/7/2021 17:30:33","9/8/2021 12:15:56"
"268","1","Lightning Restoration","Lightning Restoration",,"Fort Myers","FL",,"Jenny Winn or Polik Rodriguez","adminfm@lightningrestore.com","15/7/2021 17:40:50","10/8/2021 14:14:10"
"269","1","PuroClean - Estero","PuroClean - Estero","20791 Three Oaks Pkwy unit 1003","Estero","FL","33928","Salina Martinez or Mitchell Woods",,"15/7/2021 17:52:06","10/8/2021 14:33:46"
"270","10","Robertson Ryan & Associates","Robertson Ryan & Associates","5260Summerlin Commons Way #301","Fort Myers","FL","33907","Terri Porrino or Kristy Maxwell","tporrino@robertsonryan.com","15/7/2021 18:11:15","10/8/2021 14:40:56"
"271","10","Clark & Bell","Clark & Bell","1832 Victoria Avenue","Fort Myers","FL","33901","Leah Coblentz Herzfeld or Lindsey Soca","leah@clarkandbell.com","15/7/2021 18:16:00","9/8/2021 12:03:54"
"272","10","State Farm  -  Dave Hamrick","State Farm  -  Dave Hamrick","2070 McGregor Blvd, Ste 4","Fort Myers","FL","33901-3427","Charlie Sanford","charles.sanford.nm1u@statefarm.com","15/7/2021 18:19:27","10/8/2021 14:48:45"
"273","1","Rapid Response Bradenton","Rapid Response Bradenton","4705 Lena Road","Bradenton","FL","34211","William Bransfield, Carlos Rivas, Jo-ann Rader","wbransfield@rrtfl.com","23/7/2021 07:55:14","10/8/2021 14:34:32"
"274","10","Family First Insurance","Family First Insurance","3750 US 27 N ste 103","Sebring","FL","33870","Tracy Mingacci","tracy@fhcins.com","23/7/2021 08:00:51","9/8/2021 12:10:40"
"275","1","ServPro  Bradenton, Lakewood Ranch, Anna Maria","ServPro  Bradenton, Lakewood Ranch, Anna Maria","2416 1st Street","Bradenton","FL","34208","Dustyn McCauley","dustyn@servprobradenton.com","23/7/2021 08:05:42","10/8/2021 14:42:56"
"276","10","Horizon Insurance & Realty","Horizon Insurance & Realty","7347 52nd Place E.","Bradenton","FL","34203","Lori Augustyniak & Mathew Augustyniak","info@horizonins.net","23/7/2021 08:14:31","10/8/2021 14:08:43"
"277","10","Sterling Choice Insurance","Sterling Choice Insurance","12250 Tamiami Trail E. Ste 303","Naples","Fl","34113","Terry Pasch or Thomas Clarkson","tpasch@sterlingchoiceinsurance.com","23/7/2021 08:18:47","10/8/2021 14:49:33"
"278","10","Ranch Insurance Services","Ranch Insurance Services","11161 E state rd 70 unit 111","Bradenton","FL","34202","Amy Jo Lawson or Brittaney Hixon","amyjlawson@ranchins.com","23/7/2021 08:31:07","10/8/2021 14:34:20"
"279","10","Heacock Insurance","Heacock Insurance","32313 Broadway St. Ste 101","Sebring","FL","33870-0114","Daniel LeClair / Deb is g.k.","dleclair@heacock.com","23/7/2021 08:35:52","10/8/2021 14:08:13"
"280","10","Florida Homeowners Insurance Center","Florida Homeowners Insurance Center","8515 SR 70 East","Lakewood Ranch","FL","34202","Lindsey Evans","cs2@flinsurancecenter.com","23/7/2021 08:39:29","9/8/2021 12:15:44"
"281","10","Sarasota Insurance Group","Sarasota Insurance Group","5316 Lena Rd Suite 103","Lakewood Ranch","FL","34211","Jessica N Pendry","jessica@sarasotainsgroup.com","23/7/2021 08:51:56","10/8/2021 14:42:29"
"282","1","911 Mold Pros","911 Mold Pros","5316 Lena Rd, Ste 103","Lakewood Ranch","FL","34211","Brian Hatfield","bhatfield@moldpros.com","23/7/2021 09:02:19","9/8/2021 11:50:57"
"283","10","Great Florida - Brian Lariviere","Great Florida - Brian Lariviere","4901 Palm Beach Blvd, ste 290","Fort Myers","FL","33905","Brian Lariviere or Teresa","brian@greatflorida.com","23/7/2021 09:07:40","9/8/2021 15:52:40"
"284","3","CFS Roofing Services LLC","CFS Roofing Services LLC","6195 E. Sawgrass Road","Sarasota","FL","34240","E. Frank Brodnax","e.brodnax@cfsroofing.com","23/7/2021 09:43:30","9/8/2021 12:03:26"
"285","10","Chapman Insurance Group Bonita Springs","Chapman Insurance Group Bonita Springs",,"Bonita Springs","FL",,"Ben Miller","ben@cigflorida.com","23/7/2021 09:47:37","9/8/2021 12:03:33"
"286","10","Chapman Insurance Group Fort Myers","Chapman Insurance Group Fort Myers",,"Fort Myers","FL",,"Cara Dimarzo","cara@cigflorida.com","23/7/2021 09:50:36","9/8/2021 12:03:47"
"287","10","Five County Insurance","Five County Insurance","14120 Metropolis Ave","Fort Myers","FL","33912","Christine Callari","christinec@myfci.net","23/7/2021 09:54:05","9/8/2021 12:11:09"
"288","10","Galt Insurance","Galt Insurance","900 5th Ave S #201","Naples","FL","34102","Ryan Reynolds","ryan@galtinsurance.com","23/7/2021 09:57:31","9/8/2021 12:17:23"
"289","10","Olson & Dinunzio Insurance Agency","Olson & Dinunzio Insurance Agency","2536 Northbrooke Plaza Dr","Naples","FL","34119","Tabitha Zimmer, Christine Pagliaroli","tabitha@olsondinunzio.com","23/7/2021 10:02:24","10/8/2021 14:32:18"
"290","10","State Insurance Chapman - Fort Myers","State Insurance Chapman - Fort Myers","4450 Camino Real Way","Fort Myers","FL","33966","Tonya Roebucj, Josh Chapman","tonya@stateinsuranceusa.com","23/7/2021 10:07:38","10/8/2021 14:49:25"
"291","10","State Insurance Chapman - Estero","State Insurance Chapman - Estero","10600 Chevrolet Way #107","Estero","FL","33928","Gail Langer","gail@stateinsuranceusa.com","23/7/2021 10:15:56","10/8/2021 14:49:16"
"292","10","Carlock & Associates","Carlock & Associates","2002 Del Prado Blvd S. Ste 200","Cape Coral","FL","33971","Keith Rossell or Cheryl Basile","keith@carlockinsurance.com","23/7/2021 10:27:44","9/8/2021 11:58:42"
"293","10","Monica Jacobs - Allstate","Monica Jacobs - Allstate","12644 Tamiami trail E","Naples","FL","34113","Monica Jacobs","monicajacobs@allstate.com","23/7/2021 10:44:32","10/8/2021 14:15:01"
"294","10","L.A. Insurance Inc","L.A. Insurance Inc","2802 Lee Blvd Suite 2","Lehigh Acres","FL","33971","Tami Baker","tami@la-insrance.net","23/7/2021 10:47:47","10/8/2021 14:14:04"
"295","10","Insurance Source of Naples","Insurance Source of Naples","2355 Vanderbilt Beach Road","Naples","FL","34109","Shirley Gottschalk","shirley@ison1.com","23/7/2021 11:08:21","10/8/2021 14:08:45"
"296","10","RTI","RTI","9681 Gladiolus Drive Suite 111","Fort Myers","FL","33908","Burke Schmitt","burke@trustrti.com","23/7/2021 11:11:53","10/8/2021 14:42:14"
"297","10","Bassine Insurance agency LLC","Bassine Insurance","909 Pondella Rd","North Fort Myers","FL","33903","Bob Tyrrell, Eddie, Bill","bob@bassineinsurance.com","23/7/2021 11:29:10","9/8/2021 09:58:05"
"298","10","Horn Family Insurance","Horn Family Insurance","6100 Trail Blvd, Ste 3","Naples","FL","34108","Mike Horn","myagent@mikehorninsurance.com","23/7/2021 11:37:44","10/8/2021 14:08:44"
"299","10","Brookwood Management Partners","Brookwood Management Partners","27299 Riverview Center Blvd","Bonita Springs","FL","34134","Dawn DiPietro","ddipietro@brookwoodfinancial.com","23/7/2021 12:09:34","9/8/2021 11:58:28"
"300","10","Great Florida - Marcie Deloreto-Lariviere","Great Florida - Marcie Deloreto-Lariviere","1322 Homestead Rd N. Suite B","Lehigh Acres","FL","33936","Marcie DeLoreto-Lariviere","greatflorida@earthlink.net","23/7/2021 12:13:24","9/8/2021 15:52:59"
"301","10","Herndon & Carr Co.","Herndon & Carr Co.","1031 Cape Coral Pkwy E #208","Cape Coral","FL","33904","Sue Moss or Kim","suemoss@herndoncarr.com","23/7/2021 12:17:18","10/8/2021 14:08:13"
"302","10","Goodlad & Swank","Goodlad & Swank","702 Leeland Heights blvd W","Lehigh Acres","FL","33936","Butch Swank","butch@goodladandswank.com","23/7/2021 12:20:10","9/8/2021 15:52:33"
"303","10","Forsythe Insurance Services","Forsythe Insurance Services","886 Park Ave #101-102","Marco Island","FL","34145","Jennifer Dwyer or Stephanie","jen@forsythe-insurance.com","23/7/2021 12:24:51","9/8/2021 12:15:49"
"304","10","Coastline Insurance Group","Coastline Insurance Group","10600 Chevrolet Way Ste 209","Estero","FL","33928","Ron Deri","ron@coastlineagents.com","23/7/2021 12:28:09","9/8/2021 12:04:02"
"305","10","Nash Insurance & Associates","NIA","8801 College Pkwy Suite 5","Fort Myers","FL","33919","Lorrie Helsel","lorrie@nashfl.com","23/7/2021 12:31:22","10/8/2021 14:15:16"
"306","10","Amberg Insurance","Shepherd Insurance Partner","17801 Murdock Circle Suite B","Port Charlotte","FL","33948","Stephanie Dougan","stephanie@ambergins.com","23/7/2021 12:34:29","9/8/2021 11:56:53"
"307","10","Tania Vega Insurance","Tania Vega Insurance","5580 8th Street W unit 1","Lehigh Acres","Fl","33971","Tania Vega","tania@lehighinsuranceagency.com","23/7/2021 12:52:19","10/8/2021 14:49:52"
"308","10","Gulf Harbor","Gulf Harbor","4414-4 S. Del Prado","Cape Coral","FL","33904","Rod Michaels","rod@gulfharborins.com","23/7/2021 13:27:47","10/8/2021 14:08:12"
"309","1","Disaster Clean","DC","4223 Del Prado Blvd S,","Cape Coral","FL","33904","David Reese","disasterclean@yahoo.com","23/7/2021 13:31:27","9/8/2021 12:04:38"
"310","1","Paul Davis - Fort Myers","Paul Davis - Fort Myers","6361 Corporate Park Cir","Fort Myers","FL","33966","Jessica Latorre","jlatorre@pauldavis.com","23/7/2021 13:37:13","10/8/2021 14:32:27"
"311","10","Great Florida - Michelle Accola","Great Florida - Michelle Accola","12401 Commerce Lakes Dr unit D","Fort Myers","FL","33913","Michelle Acolla","michelle.accola@greatflorida.com","23/7/2021 13:41:28","9/8/2021 15:53:04"
"312","10","Look Insurance Agency","Look Insurance Agency","441 North Del Prado Blvd, # 6","Cape Coral","FL","33909","Brittney Look","brittney@lookinsuranceagency.com","23/7/2021 13:44:37","10/8/2021 14:14:16"
"313","10","Chapman Insurance Group Cape Coral","Chapman Insurance Group Cape Coral","4507 SE 16th Place","Cape Coral","FL","33904","Lexie Hill","lexie@cigflorida.com","23/7/2021 13:54:18","9/8/2021 12:03:40"
"314","10","Al Purmont Insurance","API","3340 Bee Ridge Road","Sarasota","FL","34239","Kelly Hazledine","kellyh@alpurmont.com","23/7/2021 14:01:48","9/8/2021 11:48:01"
"315","10","Spinnaker Insurance Agency","Spinnaker Insurance Agency","532 Tamiami Trail Unit 1","Port Charlotte","FL","33953","Jackie Leigh","jackie@spinnakeragency.com","23/7/2021 14:05:19","10/8/2021 14:43:53"
"316","10","Great Florida - Linda Blackmon","Great Florida - Linda Blackmon","9170 Bonita Beach Rd,  Ste 103","Bonita Springs","FL","34135","Linda Blackmon","greatflains@gmail.com","23/7/2021 14:08:19","9/8/2021 15:52:50"
"317","10","FHC Insurance - Bonita Beach","FHC Insurance - Bonita Beach","3380 Woods Edge Circle Ste 101","Bonita Springs","FL","34134","Anthony or Lorena Bucca","anthony@fhcagency.com","23/7/2021 14:12:55","9/8/2021 12:10:53"
"318","10","1st Place Insurance","1st Place Insurance","3214 US hwy 27 S.","Sebring","FL","33870","Stefan Schult or Annette Owens","s.schult@1stpi.com","23/7/2021 14:38:06","9/8/2021 11:45:37"
"319","10","Johnson Insurance","Johnson Insurance","2189 Tamiami Trail South","Venice","FL","34293","Yvonne Butter","yhutter@msn.com","23/7/2021 14:47:58","10/8/2021 14:13:57"
"320","10","Herndon & Carr Co. - Fort Myers","Herndon & Carr Co. - Fort Myers","10501 Ben C. Pratt/six mile cypress suite 101","Fort Myers","FL","33966","Barbie Miller","barbie@herndoncarr.com","23/7/2021 14:52:36","10/8/2021 14:08:22"
"321","10","Great Florida - Osprey","Great Florida - Osprey","149 1/2 N. Tamiami Trail","Osprey","FL","34229","Samuel A. Self","saveins8@gmail.com","23/7/2021 14:58:38","9/8/2021 15:53:10"
"322","10","Great Florida Sarasota","Great Florida Sarasota","4213 Bee Ridge Rd","Sarasota","FL","34233","Denise Columbus, Diannah Colon, Luz Moreno","gfidcolumbus@gmail.com","23/7/2021 15:02:55","9/8/2021 15:53:26"
"323","10","Al Deleon Insurance Services","Al Deleon Insurance Services",,,,,,"sylvia@aldeo","23/7/2021 15:04:56","9/8/2021 11:47:47"
"324","10","Integrity Insurance International","Integrity Insurance International","950 N Collier Blvd # 301","Marco Island","FL","34145","Justin Hanna","service@integrityflorida.net","23/7/2021 15:24:07","10/8/2021 14:08:54"
"325","10","Pope Insurance","Pope Insurance","773 S Indiana Ave, unit A","Englewood","FL","34223","Patrick Moon","patrick@popeinsurance.com","23/7/2021 15:27:42","10/8/2021 14:33:07"
"326","10","Allstate King Financial","Allstate King Financial","651 S. Indiana Ave","Englewood","FL","34223","Amber Clements","amberking@allstate.com","23/7/2021 15:30:57","9/8/2021 11:56:41"
"327","10","Delaplane Insurance","Delaplane Insurance","3316 Chiquita Blvd S.","Cape Coral","FL","33914","Judi Predko or Jessica","judi@delaplane.net","23/7/2021 15:33:50","9/8/2021 12:04:27"
"328","5","Miracle Property Management","Miracle Property Management","205 North Collier Blvd","Marco Island","FL","34145","Karen Hearn","karen@mpm-fl.com","23/7/2021 15:36:27","10/8/2021 14:14:50"
"329","1","Paul Davis - Sarasota","Paul Davis - Sarasota","6292 Tower Lane, unit 4","Sarasota","FL","34240","Trent Moore","trent.moore@pauldavis.com","23/7/2021 16:08:07","10/8/2021 14:32:33"
"330","10","Rental Properties, Inc - Marco Island","Rental Properties, Inc - Marco Island","237 N. Collier Blvd","Marco Island","FL","34145","Maria Schike or Cindy","maria@marcorentalproperty.com","23/7/2021 16:11:57","10/8/2021 14:40:14"
"331","10","Rosier Insurance - Sanibel","Rosier Insurance - Sanibel","1200 Periwinkle way ste 103","Sanibel Isalnd","FL","33957","Angela Larson-Roehl","alarson@rosierinsurance.com","23/7/2021 16:21:27","10/8/2021 14:41:54"
"332","1","Anderson Restoration & Emergency Services","Anderson Restoration","221 N. Hogan Street, Suite 321","Jacksonville","FL","32202",,"derek@andersonrestoration.com","26/7/2021 10:03:57","9/8/2021 11:57:06"
"333","1","Puroclean Emergency Services","Puroclean Emergency Services","4737 Dellwood Avenue,","Jacksonville","FL","32205","(904) 333-8879","thawkins@puroclean.com","26/7/2021 13:08:49","10/8/2021 14:33:58"
"334","1","Kustom Disaster Restoration","Kustom Disaster Restoration","1625 Emerson Street,","Jacksonville","FL","32207",,"marc.white@kustom.us","26/7/2021 13:30:42","10/8/2021 14:13:58"
"335","1","Bold City Indoor Air Quality & Emergency Services","Bold City Indoor Air Quality & Emergency Services","10066 103rd, Suite 206","Jacksonville","FL","32210",,"andrehead@oldcity.com","26/7/2021 13:37:47","9/8/2021 11:57:59"
"336","1","North Florida Restoration & Remodeling","North Florida Restoration & Remodeling","3100 University Blvd., Suite 107B","Jacksonville","FL","32216",,"Email wasn't given :/  - RUDE CLIENT - JACOB","26/7/2021 13:40:48","10/8/2021 14:15:40"
"337","1","Universal Restoration of North Florida","Universal Restoration of North Florida","2036 Jernigan Rd.,","Jacksonville","FL","32207",,"Recepcionist super RUDE","26/7/2021 15:53:50","10/8/2021 14:52:22"
"338","1","Service Master Restoration of First Coast","Service Master Restoration of First Coast","2384 Vans Avenue, Building 5","Jacksonville","FL","32207",,"cindylucas@service masterjax.com","26/7/2021 15:56:48","10/8/2021 14:42:43"
"339","1","CCI Restoration Services","CCI Restoration Services","1750 Emerson Street,","Jacksonville","FL","32207",,"Rude client","26/7/2021 16:00:53","9/8/2021 12:03:16"
"340","3","Trinit Restoration & Roofing","Trinit Restoration & Roofing","12627 San Jose Blvd., # 503","Jacksonville","FL","32223","Josh - Vice President","Josh@trinitrestorationfl.com","26/7/2021 16:17:24","10/8/2021 14:50:28"
"341","1","Dreyer's DKI Jacksonville","Dreyer's DKI Jacksonville","1909 Parental Home Rd., Suite 5","Jacksonville","FL","32216",,"Receptionist - EMILY extremely RUDE","26/7/2021 16:22:24","9/8/2021 12:09:24"
"342","1","Restore 24, Inc","Restore 24, Inc","5152 University Blvd. W,","Jacksonville","FL","32216",,"office@restore24.net","26/7/2021 16:44:22","10/8/2021 14:40:38"
"343","1","Firehouse Restoration, Inc.","Firehouse Restoration, Inc.","5121 Bowden Rd., Suite 101","Jacksonville","FL","32216","Paul",,"26/7/2021 16:47:31","9/8/2021 12:11:03"
"344","1","NexGen Restoration & Roofing, LLC","NexGen Restoration & Roofing, LLC","2862 Ballard Oaks Rd.,","Jacksonville","FL","32207","Army","Armand@nexgenfl.com","26/7/2021 16:52:41","10/8/2021 14:15:29"
"345","10","Bold City Insurance","Bold City Insurance","12627 San Jose Blvd., Suite 604","Jacksonville","FL","32223","(904) 907-3862",,"26/7/2021 16:55:57","9/8/2021 11:58:09"
"346","1","Elements Disaster Recovery","Elements Disaster Recovery","1540 Monument Rd., #5","Jacksonville","FL","32225","Shelby & Brian","info@elementsdisasterrecovery.com","26/7/2021 17:03:53","9/8/2021 12:10:19"
"347","1","Microtech Solutions Jacksonville","Microtech Solutions Jacksonville","11235 Saint Johns Industrail Pkwy North, Suite 5","Jacksonville","FL","32246",,"info@teammicrotech.com","27/7/2021 12:19:38","10/8/2021 14:14:41"
"348","1","Integrity Restoration","Integrity Restoration","26 Industrial Loop Dr. E,","Orange Park","FL","32073","Glen or Matthew","info@integrestoration.com","27/7/2021 12:22:32","10/8/2021 14:09:01"
"349","1","911 Restoration of Jacksonville","911 Restoration of Jacksonville","8638 Phillips Hwy., #7","Jacksonville","FL","32256",,"911@911restoration.com","27/7/2021 12:25:18","9/8/2021 11:50:37"
"350","1","Dry it Fast Water Damage","Dry it Fast Water Damage","11341 Distribution Avenue East, Suite 4A","Jacksonville","FL","32256","Robert","Robert was super rude and didn't want to give me his email address","27/7/2021 12:29:17","9/8/2021 12:09:34"
"352","1","All Things Restored LLC","All Things Restored LLC","No address - They work remotely","Jacksonville","FL","32246","Kathy","info@allthingsrestoredllc.com","27/7/2021 12:36:47","9/8/2021 11:48:44"
"353","1","ServPro of Mandarin","ServPro of Mandarin","2205 Saint Johns Bluff Road South,","Jacksonville","FL","32246","Lorie","lorie@servpromandarin.com","27/7/2021 15:04:42","10/8/2021 14:43:28"
"354","1","ServPro of Jacksonville West - Orange Park","ServPro of Jacksonville West - Orange Park","115 Industrial Loop,","Orange Park","FL","3207","Jessica","jessica@spjax.com","27/7/2021 15:21:08","10/8/2021 14:43:17"
"355","1","Belfor Property Restoration","Belfor Property Restoration","10416 New berlin Rd., Suite 5","Jacksonville","FL","32226","Michael Wegner","michaelwegner@us.belfor.com","27/7/2021 15:39:18","9/8/2021 11:57:27"
"356","1","PureClean of Jacksonville Southbank","PureClean of Jacksonville Southbank","841 Prudential Dr., 12th Floor","Jacksonville","FL","32207","Jamie","jkoeig@pureclean.com","27/7/2021 15:54:20","10/8/2021 14:33:16"
"357","1","The Best Restoration & Floor Care","The Best Restoration & Floor Care","7230 W. University Avenue","Gainesville","FL","32607","Todd M. Hurt Burt","Todd@thebestrestoration.com","27/7/2021 16:06:16","10/8/2021 14:50:02"
"358","1","COIT Cleaning & Restoration","COIT Cleaning & Restoration","4850 Collins Rd., Unit 106","Jacksonville","FL","32244","Sal - The Owner","coit028@msn.com","27/7/2021 16:30:12","9/8/2021 12:04:12"
"359","1","Gainesville Remodeling & Building Contractor","Gainesville Remodeling & Building Contractor","4607 NW 6th Street","Gainesville","FL","32609","Bill","officemgr@paynegrp.com","27/7/2021 16:51:18","9/8/2021 12:16:27"
"360","1","Maven Construction","Maven Construction","6833 NW 16th Street,","Gainesville","FL","32653",,"Service Line / There's no Email informed in the website","28/7/2021 10:41:22","10/8/2021 14:14:29"
"361","1","Dreyer's DKI Gainesville","Dreyer's DKI Gainesville","1911 NW 67th Place, Suite 4","Gainesville","FL","32653","Zach Heern","Zach@Dreyersdki.com","28/7/2021 10:55:36","9/8/2021 12:05:00"
"362","1","ServPro of Gainesville West / Alachua County West","ServPro of Gainesville West / Alachua County West","3210 SW 40th Blvd., Suite C","Gainesville","FL","32608","Nikki Schellpeper","office@servproacw.com","28/7/2021 11:15:21","10/8/2021 14:43:07"
"363","1","Paul Davis Restoration & Remodeling of North Central Florida - GAINESVILLE","Paul Davis Restoration & Remodeling of North Central Florida - GAINESVILLE","3499 NW 97th Blvd., #10","Gainesville","FL","32608","Bob","gvfl@pauldavis.com","28/7/2021 11:21:47","10/8/2021 14:32:47"
"364","1","United Water Restoration Group of Gainesville","United Water Restoration Group of Gainesville","6342 NW 18th Dr., Suite 8","Gainesville","FL","32653","Jonathan","jonathanr@unitedwaterestoration.com","28/7/2021 13:01:48","10/8/2021 14:50:49"
"365","1","Rytech of Gainesville","Rytech of Gainesville","5200 NW 43rd Street, Suite 102-194","Gainesville","FL","32606","Ryan Gemelli - Manager of Operations","rgemelli@rytechinc.com","28/7/2021 13:15:19","9/8/2021 15:50:24"
"366","1","Gator Carpet Cleaning & Water Restoration","Gator Carpet Cleaning & Water Restoration","5215 Southwest 91 Terrace","Gainesville","FL","32608","Austin","corporategator@icloud.com","28/7/2021 13:40:28","9/8/2021 15:52:27"
"367","1","Rainbow International of Gainesville","Rainbow International of Gainesville","4609 B NW 6th Street, Unit 2","Gainesville","FL","32609","Ashley","gainesville@rainbowintl.com","28/7/2021 13:48:37","10/8/2021 14:34:08"
"368","1","Restoration Specialists","Restoration Specialists","6201 NW 123rd Place, #10","Gainesville","FL","32653","Andrew Grage","agrage@restorationspecialists.com","28/7/2021 14:22:05","10/8/2021 14:40:27"
"369","1","Gainesville Turnover Specialist","Gainesville Turnover Specialist","7230 W. University Avenue","Gainesville","FL","32607",,"Same Company, same address as The Best Restoration - different name only","28/7/2021 14:25:09","9/8/2021 12:17:10"
"370","3","Worthmann Roofing","Worthmann Roofing","7325 NW 12th Blvd., Suite 88","Gainesville","FL","32653","Cristina","sales@wothmannroofing.com","28/7/2021 15:04:38","10/8/2021 14:52:53"
"371","3","Energy Roofing Companies Gainesville","Energy Roofing Companies Gainesville","4010 W. Newberry Rd. B,","Gainesville","FL","32607","Shane","info@atlanticroofingfl.com","28/7/2021 15:16:45","9/8/2021 12:10:33"
"372","1","Water damage Express, LLC","Water damage Express, LLC","5200 NW 43rd Street, Suite 102","Gainesville","FL","32606",,,"28/7/2021 15:25:29","10/8/2021 14:52:32"
"373","3","Perry Roofing Contractors","Perry Roofing Contractors","2505 NW 71th Place","Gainesville","FL","32653",,,"28/7/2021 15:43:54","10/8/2021 14:33:02"
"374","1","DMS Restoration Services, Inc.","DMS Restoration Services, Inc.","6254 Powers Avenue, Suite 7","Jacksonville","FL","32217",,"cisco@dmsrestoration.com","28/7/2021 16:00:54","9/8/2021 12:04:48"
"375","10","Lee County Insurance Agency","Lee County Insurance Agency","390 Pondella Rd #1","North Fort Myers","FL","33903","Bill Caligiuri","bill@lciquotes.com","6/8/2021 10:06:42","10/8/2021 14:14:04"
"376","10","Flagler Insurance","Flagler Insurance","422 NE 2nd Pl Suite 200","cape coral","FL","33909","Sam Medina","sam@flaglerinsurance.com","6/8/2021 10:13:02","9/8/2021 12:15:43"
"377","10","HRI Insurance","HRI Insurance","1110 NE Pine Island Road  # 20","Cape Coral","FL","33909","Eric Dreszer","eric@hriinsurance.com","6/8/2021 10:16:32","10/8/2021 14:08:45"
"378","10","The Insurancenter","The Insurancenter","16591 S tamiami Trail","Fort Myers","FL","33908","Hanaa or Mark Nellans","hanaa@insurance-center.net","6/8/2021 10:22:51","10/8/2021 14:50:11"
"379","1","Rapid Response Fort Myers","Rapid Response Fort Myers","5550 Division Drive","Fort Myers","FL","33905","Michael McCabe","mmccabe@rrtfl.com","6/8/2021 10:35:42","10/8/2021 14:40:03"
"380","10","Parlin Insurance Agency","Parlin Insurance Agency","24520 Production Cr #4","Bonita Springs","FL","34135","Dee Parlin","dee@parlininsurance.com","6/8/2021 10:42:14","10/8/2021 14:32:21"
"381","10","Allstate Capt. David Schuman","Allstate Capt. David Schuman","1329 Hibiscus dr","Cape Coral","FL","33909","David Schuman","davidschuman3@allstate.com","6/8/2021 10:45:49","9/8/2021 11:56:34"
"382","10","East And Greenwell Insurance","East And Greenwell Insurance","20321 Grand Oak Shoppes Blvd # 308","Estero","FL","33928","Carissa Russell","carissa@allstate.com","6/8/2021 11:07:35","9/8/2021 12:09:41"
"383","10","Susan Schreiber Martin Insurance Agency","Susan Schreiber Martin Insurance Agency","3723 B Del Prado Blvd S","Cape Coral","FL","33904","Jack Phelps or Susan Schreiber","jack@ssminsurance.com","6/8/2021 11:19:37","10/8/2021 14:49:44"
"384","10","Galezano Insurance","Galezano Insurance","1108 SE 17th Ave Suite D","Cape Coral","FL","33990","Margaret Galewski","margaret@galezano.com","6/8/2021 11:25:18","9/8/2021 12:17:17"
"385","10","FHC - Fort Myers","FHC - Fort Myers","3441 Colonial Blvd #7","Fort Myers","FL","33966","Aly Case","aly@fhcins.com","6/8/2021 11:28:56","9/8/2021 12:10:47"
"386","10","Brightway Insurance Deborah Delinger-Crep","Brightway Insurance Deborah Delinger-Crep","8660 College Parkway #300","Fort Myers","FL","33919","Debbie Dellinger","debbie.dellinger@brightway.com","6/8/2021 11:34:04","9/8/2021 11:58:17"
"387","10","Culbertson Agency - Allstate","Culbertson Agency - Allstate","13099 S. Cleveland Ave Ste 310","Fort Myers","FL","33907","Nicole Ellis","nicholeellis@allstate.com","6/8/2021 11:40:21","9/8/2021 12:04:20"
"388","10","Brown & BrownInsurance  Fort Myers","Brown & BrownInsurance  Fort Myers","6611 Orion Dr Ste. 201","Fort Myers","fl","33912","Heather Rolewicz","hrolewicz@bbswfl.com","6/8/2021 11:46:10","9/8/2021 11:58:34"
"389","10","Way Better Insurance","Way Better Insurance","4978 Royal Gulf Cir","Fort Myers","fl","33966","Amy Mandala","amy@waybetterinsurance.com","6/8/2021 12:22:46","10/8/2021 14:52:43"
"390","10","Allstate - Dwayne Stevens","Allstate - Dwayne Stevens","14630 Palm Beach Blvd Ste 6","Fort Myers","fl","33905","Dwayne Stevens",,"6/8/2021 12:56:47","9/8/2021 11:51:38"
"391","10","Freedom Insurance Center - Cape Coral","Freedom Insurance Center - Cape Coral","923 Del Prado Blvd # 102","Cape Coral","fl","33990","Lisa Kafalas","lisa@freedominsurancecenter.com","6/8/2021 13:00:27","9/8/2021 12:16:02"
"392","10","Freedom Insurance Center - Fort Myers","Freedom Insurance Center - Fort Myers","12995 Cleveland Ave #141","Fort Myers","fl","33907","Bryce Wright","bryce@freedominsurancecenter.com","6/8/2021 13:03:28","9/8/2021 12:16:07"
"393","1","Servpro of NE Hillsborough/Plant City, Cape Coral, North Fort Myers, Punta Gorda","Servpro of NE Hillsborough/Plant City, Cape Coral, North Fort Myers, Punta Gorda","2596 SR-60 W","Valrico","FL","33594","Alex Smith, Howard","construction1@servpro11133.com","6/8/2021 13:14:18","19/8/2021 14:24:46"
"394","3","TopNotch Roofing","TopNotch Roofing","2888 W. Lake Mary Blvd.,","Lake Mary","FL","32746","Brannon Rue","brannon@roofingtopnotch.com","9/8/2021 15:43:20","19/8/2021 14:23:17"
"395","1","Belfor Property Restoration ORLANDO","Belfor Property Restoration ORLANDO","7100 Tpc Dr #450,","Orlando","FL","32822","SHARA","shara.navarrete@us.belfor.com","10/8/2021 12:30:01","10/8/2021 12:31:33"
"396","9","Seibels","Seibels","1501 Lady Sreet","Columbia","SC","29201",,,"16/8/2021 11:38:34","16/8/2021 11:38:34"
"397","12","Allstate - Kathy Dorsey","Allstate - Kathy Dorsey","16520 Burnt store Road","Punta Gorda","FL","33955","Sheree Ingram","singram1@allstate.com","17/8/2021 14:18:43","17/8/2021 14:18:43"
"398","12","Nolan Family Insurance","Nolan Family Insurance","100 Madrid Blvd unit 111","Punta Gorda","FL","33950","Kerri Stuart","kerri@nolanagency.com","17/8/2021 14:21:39","17/8/2021 14:21:39"
"399","12","Ezzi Insurance Advisors","Ezzi Insurance Advisors","1777 Tamiami Trail Unit 404","Port Charlotte","FL","33948","Kelly Torres or Tyler Ezzi","kelly@ezziadvisors.com","17/8/2021 14:29:32","17/8/2021 14:29:32"
"400","12","Halbrehder Family Agency","The Insurance Shop","601 N. Del Prado Blvd #11","Cape Coral","FL","33909","Paulette Halbrehder","paulette@insuranceshopfl.com","17/8/2021 14:33:13","17/8/2021 14:33:13"
"401","12","Keith Insurance","Keith Insurance","8931 Conference Dr #4","Fort Myers","FL","33919","Ian Keith","ian@keithinsurance.net","17/8/2021 14:57:35","17/8/2021 14:57:35"
"402","1","911 Restoration - Naples","911 Restoration - Naples","551 Owen Avenue North","Lehigh Acres","FL","33971","(954) 747-7000","travis.s@911restoration.com","17/8/2021 15:07:39","19/8/2021 14:25:47"
"403","12","Devoted Restoration","Devoted Restoration","11000 Metro Parkway Unit 28","Fort Myers","FL","33966","Norma Berrios","norma@devotedrestoration.com","17/8/2021 15:40:51","17/8/2021 15:40:51"
"404","12","State Farm - Dean McConville","State Farm - Dean McConville","14506 Tamiami Trail","North Port","FL","34287","Leia Stough","leia.stough.rjpg@statefarm.com","17/8/2021 15:47:20","17/8/2021 15:47:20"
"405","12","State Farm - Mary Dixon","State Farm - Mary Dixon","2820 College Pkwy, unit 1-2","Fort Myers","FL","33919-4411","Mary Dixon","mary@marydixoninsurance.com","17/8/2021 16:14:07","17/8/2021 16:14:07"
"406","12","Nastar Roofing","Nastar Roofing","4005 Del Prado Blvd S","Cape Coral","FL","33904","Frank Miller","frank@nastarroofing.com","17/8/2021 16:42:37","17/8/2021 16:42:37"
"407","12","Brightway Insurance - Diane Haas","Brightway Insurance - Diane Haas","4391 Colonial Blvd, suite 103","Fort Myers","FL","33966","Diane Haas","diane.haas@brightway.com","17/8/2021 16:47:38","17/8/2021 16:47:38"
"408","1","VETCOR - Neumann Emergency Services","VETCOR San Antonio - Neumann Emergency Services, LLC","30427 Commerce Dr.,","San Anotnio","FL","33576","(813) 782-9080","jcasteel@nfoc.net","18/8/2021 16:44:18","19/8/2021 14:23:54"
"409","12","State Farm - Tonya Edison","State Farm - Tonya Edison","3443 Hancock Bridge Pkwy, unit 401","North Fort Myers","FL","33903","Steven Allen","steven@tonyaedison.com","19/8/2021 10:01:08","19/8/2021 10:01:08"
"410","12","McDaniel Insurance solutions","McDaniel Insurance solutions","3443 Hancock Bridge Pkwy, # 201","North Fort Myers","FL","33903","Amy Perry","amy@mcdanielinsurancesolutions.com","19/8/2021 10:07:43","19/8/2021 10:07:43"
"411","12","Assured Partners","Assured Partners","3501 Del Prado Blvd, suite 204","Cape Coral","FL","33904","Matthew D. Bevins - President","matt.bevins@assuredpartners.com","19/8/2021 10:14:30","19/8/2021 10:14:30"
"412","12","State Farm - Joan Wolbach","State Farm - Joan Wolbach","15201 N. Cleveland Ave, #606","North Fort Myers","FL","33903","Ashley","joan.wolbach,p0pb@statefarm.com","19/8/2021 10:43:19","19/8/2021 10:43:19"
"413","12","McDonald Insurance Agency","McDonald Insurance Agency","15205 Collier Blvd. # 106","Naples","FL","34119","Mike McDonald","mike@insurancemcdonald.com","19/8/2021 11:30:30","19/8/2021 11:30:30"
"414","1","Big Wave Restoration","Big Wave Restoration","8009 Benjamin Rd","Tampa","Fl","33634","Paul Pfleiderer",,"30/8/2021 13:45:17","30/8/2021 13:59:59"
"415","9","Codeblue 360","Codeblue 360","14 East Main Street , 4th Street","Springfield","OH","45502",,,"31/8/2021 13:06:08","31/8/2021 13:06:08"
"416","12","America's Insurance associates, Inc","America's Insurance Associates, Inc","2451 First Street","Fort Myers","FL","33901","Louise self or Donna Mikesell","louise@iaanetwork.com","3/9/2021 12:50:00","3/9/2021 12:50:00"
"417","12","Acentia Insurance","Greg Thomas","5429 Airport Pulling Rd","Naples","FL","34109","Dina Layne","dina.Layne@acentra.com","3/9/2021 12:55:18","3/9/2021 12:55:18"
"418","12","Brown & Brown - Naples","Brown & Brown - Naples","1421 Pine Ridge Rd, Suite 200","Naples","FL","34109","Wesley Campbell","wcampbell@bbnaples.com","3/9/2021 13:00:11","3/9/2021 13:00:11"
"419","12","Vanderbilt Insurance and risk management","Vanderbilt Insurance and Risk Management","2359 Vanderbilt Beach Rd, suite 400","Naples","FL","34109","Taylor Doria, Mario Doria","taylor@vandyins.com","3/9/2021 13:13:07","3/9/2021 13:13:07"
"420","12","Guardian Property Management","Guardian Property Management","6704 Lone Oak BL","Naples","FL","34109","Patricia Lynn or Robin","Patricia@guardianpropertymanagement.net","3/9/2021 13:25:13","3/9/2021 13:25:13"
"421","12","State Farm - Brian Glaeser","State Farm - Brian Glaeser","3765 Airport Pulling Rd N, suite 101","Naples","FL","34105","Margi Pope","margi.popelhq5@statefarm.com","3/9/2021 13:30:52","3/9/2021 13:30:52"
"422","12","Imold","Imold","3804 Ironbridge blvd","Fort Myers","FL","33916","Haley or Brian Bland","harley@imold.us","3/9/2021 13:57:43","3/9/2021 13:57:43"
"423","12","Kelly Roofing","Kelly Roofing","9930 Channel 30 Drive","Bonita Springs","Fl","31435","Eddie Guevara","eddie@kellyroofing.com","3/9/2021 14:00:55","3/9/2021 14:00:55"
"424","12","Ackerman Insurance","Ackerman Insurance","1575 Pine Ridge Rd, suite 17","Naples","FL","34109","Anel Caraballo","anel@ackerman-insurance.com","3/9/2021 14:14:24","3/9/2021 14:14:24"
"425","12","State Farm - Robert Porto","State Farm - Robert Porto","3872 Tamiami Trail, Suite C","Port Charlotte","FL","33952-8463","Cathy Gerlach","cathy.gerlach.fpnk@statefarm.com","3/9/2021 14:18:12","3/9/2021 14:18:12"
"426","12","Kleinberger Corporation Construction and Roofing","Kleinberger Corporation Construction and Roofing","3522 Plover Ave","Naples","FL","34117","Andrew Kleinberger","ajkleinberger@gmail.com","3/9/2021 14:23:23","3/9/2021 14:23:23"
"427","12","Bouchard Insurance","Marsh & McLennan","12800 University Drive suite 165","Fort Myers","FL","33919","Doris Miller","dorismiller@bouchardinsurance.com","3/9/2021 14:38:44","3/9/2021 14:38:44"
"428","12","RoofRx","RoofRX","885 SE 47th Terrace D","Cape Coral","FL","33904","Jason Polly","jason@roofrx.net","3/9/2021 14:42:30","3/9/2021 14:42:30"
"429","12","RMS","RMS","20741 S Tamiami Trail","Estero","FL","33928","Lexa","operations@rms-florida.com","3/9/2021 14:51:19","3/9/2021 14:51:19"
"430","12","H20 911","H20 911 Dryzone","13850 Treeline Ave S","Fort Myers","FL","33913","Tommy Dence","tommy@h20911.com","3/9/2021 14:55:34","3/9/2021 14:55:34"
"431","12","Integral Underwriters Corp","Integral Underwriters Corp","12555 Collier Blvd Ste 5","Naples","FL","34116","Julio Hernandez","jhernandez@integralund.com","3/9/2021 15:19:33","3/9/2021 15:19:33"
"432","12","BKE Restoration Services Inc","BKE Restoration Services Inc","1490 NE pine Island Rd # 48","Cape Coral","FL","3333909","Chris Terranova or Matt Hynes","chris@bkerestoration.com","3/9/2021 15:33:21","3/9/2021 15:33:21"
"433","12","Brightway - Char Seuffert","Brightway - Char Seuffert","900 SW Pine Island Rd Suite 103","Cape Coral","FL","33991","JoAnn Burk","JoAnn.Burk@Brightway.com","3/9/2021 15:56:16","3/9/2021 15:56:16"
"434","12","Allstate - Henley","Allstate - Henley","15245 S. Tamiami Trail Ste 11","Fort Myers","FL","33908","Norma","normahenley@allstate.com","3/9/2021 16:08:05","3/9/2021 16:08:05"
